ALTER TABLE manager_entity ADD COLUMN borrado BOOLEAN DEFAULT false;
ALTER TABLE admin_entity ADD COLUMN borrado BOOLEAN DEFAULT false;

INSERT INTO user_entity (id, username, correo, password, foto_perfil, fecha_registro, enabled, verification_code, role, borrado) VALUES ('d290f1ee-6c54-4b01-90e6-d701748f0851', 'johndoe', 'johndoe@gmail.com', '{noop}hashedpassword1', 'https://randomuser.me/api/portraits/men/1.jpg', '2023-01-10T09:30:00', true, '123456', 'ROLE_USUARIO', false);
INSERT INTO user_entity (id, username, correo, password, foto_perfil, fecha_registro, enabled, verification_code, role, borrado) VALUES ('34bfa0b2-417d-48aa-b0f7-58bd4867c507', 'janedoe', 'janedoe@yahoo.com', '{noop}hashedpassword2', 'https://randomuser.me/api/portraits/women/2.jpg', '2023-01-15T14:45:00', true, '654321', 'ROLE_USUARIO', false);
INSERT INTO user_entity (id, username, correo, password, foto_perfil, fecha_registro, enabled, verification_code, role, borrado) VALUES ('02ca9ef5-932b-4df3-a780-abcde2345678', 'alexsmith', 'alexsmith@hotmail.com', '{noop}hashedpassword3', 'https://randomuser.me/api/portraits/men/3.jpg', '2023-02-20T11:15:00', false, '234567', 'ROLE_USUARIO', false);
INSERT INTO user_entity (id, username, correo, password, foto_perfil, fecha_registro, enabled, verification_code, role, borrado) VALUES ('f32ab84d-bff2-4be0-876c-e012c3b3e789', 'emilyjohnson', 'emily.johnson@outlook.com', '{noop}hashedpassword4', 'https://randomuser.me/api/portraits/women/4.jpg', '2023-03-25T16:20:00', true, '345678', 'ROLE_USUARIO', false);
INSERT INTO user_entity (id, username, correo, password, foto_perfil, fecha_registro, enabled, verification_code, role, borrado) VALUES ('af03ec23-fc5a-4b99-90de-d2349e80c456', 'michaelbrown', 'michaelbrown@gmail.com', '{noop}hashedpassword5', 'https://randomuser.me/api/portraits/men/5.jpg', '2023-04-01T13:30:00', false, '456789', 'ROLE_USUARIO', false);
INSERT INTO user_entity (id, username, correo, password, foto_perfil, fecha_registro, enabled, verification_code, role, borrado) VALUES ('a02fd104-5d2d-4ff4-9f73-5bf0e2a6c874', 'sarawilson', 'sara.wilson@live.com', '{noop}hashedpassword6', 'https://randomuser.me/api/portraits/women/6.jpg', '2023-05-08T08:45:00', true, '567890', 'ROLE_USUARIO', false);
INSERT INTO user_entity (id, username, correo, password, foto_perfil, fecha_registro, enabled, verification_code, role, borrado) VALUES ('867ef2c1-5eb1-41b7-953a-cbbc1c1f9876', 'davidlee', 'david.lee@aol.com', '{noop}hashedpassword7', 'https://randomuser.me/api/portraits/men/7.jpg', '2023-06-12T12:10:00', true, '678901', 'ROLE_USUARIO', false);
INSERT INTO user_entity (id, username, correo, password, foto_perfil, fecha_registro, enabled, verification_code, role, borrado) VALUES ('21da98e6-938b-442e-bb45-785dee7c5678', 'lisawilliams', 'lisa.williams@icloud.com', '{noop}hashedpassword8', 'https://randomuser.me/api/portraits/women/8.jpg', '2023-07-19T14:00:00', false, '789012', 'ROLE_USUARIO', false);
INSERT INTO user_entity (id, username, correo, password, foto_perfil, fecha_registro, enabled, verification_code, role, borrado) VALUES ('c4a3b598-80ee-4189-93fa-48f2a0130031', 'cromneyu', 'cromneyu@correo.com', '{noop}hashedpw31', 'https://randomuser.me/api/portraits/men/51.jpg', '2023-01-31T10:00:00', true, '100030', 'ROLE_USUARIO', false);
INSERT INTO user_entity (id, username, correo, password, foto_perfil, fecha_registro, enabled, verification_code, role, borrado) VALUES ('e61b54a0-d3f0-4cb8-a0d6-20f48b7d0032', 'lmeadwayv', 'lmeadwayv@correo.com', '{noop}hashedpw32', 'https://randomuser.me/api/portraits/women/52.jpg', '2023-02-01T10:00:00', true, '100031', 'ROLE_USUARIO', false);
INSERT INTO user_entity (id, username, correo, password, foto_perfil, fecha_registro, enabled, verification_code, role, borrado) VALUES ('e5a40c88-3a42-44a0-9d9b-ff1bc9560033', 'ewhenmanw', 'ewhenmanw@correo.com', '{noop}hashedpw33', 'https://randomuser.me/api/portraits/men/53.jpg', '2023-02-02T10:00:00', false, '100032', 'ROLE_USUARIO', false);
INSERT INTO user_entity (id, username, correo, password, foto_perfil, fecha_registro, enabled, verification_code, role, borrado) VALUES ('f9621f52-49ab-4b3e-bd3c-fd4db2e20034', 'billistonx', 'billistonx@correo.com', '{noop}hashedpw34', 'https://randomuser.me/api/portraits/women/54.jpg', '2023-02-03T10:00:00', true, '100033', 'ROLE_USUARIO', false);
INSERT INTO user_entity (id, username, correo, password, foto_perfil, fecha_registro, enabled, verification_code, role, borrado) VALUES ('e3d8cf7e-72f7-4d9a-9aef-56dfc0100035', 'nwhiley', 'nwhiley@correo.com', '{noop}hashedpw35', 'https://randomuser.me/api/portraits/men/55.jpg', '2023-02-04T10:00:00', true, '100034', 'ROLE_USUARIO', false);
INSERT INTO user_entity (id, username, correo, password, foto_perfil, fecha_registro, enabled, verification_code, role, borrado) VALUES ('b8932d17-bc8c-4d06-95f7-99a0f8b60036', 'ckubatschz', 'ckubatschz@correo.com', '{noop}hashedpw36', 'https://randomuser.me/api/portraits/women/56.jpg', '2023-02-05T10:00:00', true, '100035', 'ROLE_USUARIO', false);
INSERT INTO user_entity (id, username, correo, password, foto_perfil, fecha_registro, enabled, verification_code, role, borrado) VALUES ('03e31aab-4a5d-4ebf-b4d3-79c56a870037', 'mheather10', 'mheather10@correo.com', '{noop}hashedpw37', 'https://randomuser.me/api/portraits/men/57.jpg', '2023-02-06T10:00:00', false, '100036', 'ROLE_USUARIO', false);
INSERT INTO user_entity (id, username, correo, password, foto_perfil, fecha_registro, enabled, verification_code, role, borrado) VALUES ('fbc3c331-691f-44f9-b5b7-3c5a65170038', 'dhowsin11', 'dhowsin11@correo.com', '{noop}hashedpw38', 'https://randomuser.me/api/portraits/women/58.jpg', '2023-02-07T10:00:00', true, '100037', 'ROLE_USUARIO', false);
INSERT INTO user_entity (id, username, correo, password, foto_perfil, fecha_registro, enabled, verification_code, role, borrado) VALUES ('a645c594-0496-4b36-89b6-0b9d5af80039', 'mprisk12', 'mprisk12@correo.com', '{noop}hashedpw39', 'https://randomuser.me/api/portraits/men/59.jpg', '2023-02-08T10:00:00', true, '100038', 'ROLE_USUARIO', false);
INSERT INTO user_entity (id, username, correo, password, foto_perfil, fecha_registro, enabled, verification_code, role, borrado) VALUES ('998d20d5-78b1-4f94-9e4d-bff949c90040', 'ggibson13', 'ggibson13@correo.com', '{noop}hashedpw40', 'https://randomuser.me/api/portraits/women/60.jpg', '2023-02-09T10:00:00', true, '100039', 'ROLE_USUARIO', false);
INSERT INTO user_entity (id, username, correo, password, foto_perfil, fecha_registro, enabled, verification_code, role, borrado) VALUES ('e144441b-8a70-4ff0-a89f-46541c2f0041', 'mlawson14', 'mlawson14@correo.com', '{noop}hashedpw41', 'https://randomuser.me/api/portraits/men/61.jpg', '2023-02-10T10:00:00', true, '100040', 'ROLE_USUARIO', false);
INSERT INTO user_entity (id, username, correo, password, foto_perfil, fecha_registro, enabled, verification_code, role, borrado) VALUES ('ca7dcd62-cf57-41db-92c9-0c31155b0042', 'bholtham15', 'bholtham15@correo.com', '{noop}hashedpw42', 'https://randomuser.me/api/portraits/women/62.jpg', '2023-02-11T10:00:00', true, '100041', 'ROLE_USUARIO', false);
INSERT INTO user_entity (id, username, correo, password, foto_perfil, fecha_registro, enabled, verification_code, role, borrado) VALUES ('548c1ae5-fdaf-4b7b-9c21-e29586940043', 'fsittl16', 'fsittl16@correo.com', '{noop}hashedpw43', 'https://randomuser.me/api/portraits/men/63.jpg', '2023-02-12T10:00:00', true, '100042', 'ROLE_USUARIO', false);
INSERT INTO user_entity (id, username, correo, password, foto_perfil, fecha_registro, enabled, verification_code, role, borrado) VALUES ('d13a95cc-8888-4f3a-9eae-1d423fca0044', 'rsnagg17', 'rsnagg17@correo.com', '{noop}hashedpw44', 'https://randomuser.me/api/portraits/women/64.jpg', '2023-02-13T10:00:00', true, '100043', 'ROLE_USUARIO', false);
INSERT INTO user_entity (id, username, correo, password, foto_perfil, fecha_registro, enabled, verification_code, role, borrado) VALUES ('ca2024de-1d44-4ac0-8e3c-281cdbd60045', 'bkonigs18', 'bkonigs18@correo.com', '{noop}hashedpw45', 'https://randomuser.me/api/portraits/men/65.jpg', '2023-02-14T10:00:00', true, '100044', 'ROLE_USUARIO', false);
INSERT INTO user_entity (id, username, correo, password, foto_perfil, fecha_registro, enabled, verification_code, role, borrado) VALUES ('d67c92a0-7fa0-4b72-97a7-e6d7e42b0046', 'pgrubers19', 'pgrubers19@correo.com', '{noop}hashedpw46', 'https://randomuser.me/api/portraits/women/66.jpg', '2023-02-15T10:00:00', true, '100045', 'ROLE_USUARIO', false);
INSERT INTO user_entity (id, username, correo, password, foto_perfil, fecha_registro, enabled, verification_code, role, borrado) VALUES ('3a8086fa-f98b-4d43-b25f-9a932c6f0047', 'vjaycocks1a', 'vjaycocks1a@correo.com', '{noop}hashedpw47', 'https://randomuser.me/api/portraits/men/67.jpg', '2023-02-16T10:00:00', true, '100046', 'ROLE_USUARIO', false);
INSERT INTO user_entity (id, username, correo, password, foto_perfil, fecha_registro, enabled, verification_code, role, borrado) VALUES ('e5de5d87-15fa-4eb0-bae1-581f26480048', 'bpalazzi1b', 'bpalazzi1b@correo.com', '{noop}hashedpw48', 'https://randomuser.me/api/portraits/women/68.jpg', '2023-02-17T10:00:00', true, '100047', 'ROLE_USUARIO', false);
INSERT INTO user_entity (id, username, correo, password, foto_perfil, fecha_registro, enabled, verification_code, role, borrado) VALUES ('15ca81d9-bc7b-4169-833e-3f032b700049', 'cpiggen1c', 'cpiggen1c@correo.com', '{noop}hashedpw49', 'https://randomuser.me/api/portraits/men/69.jpg', '2023-02-18T10:00:00', true, '100048', 'ROLE_USUARIO', false);
INSERT INTO user_entity (id, username, correo, password, foto_perfil, fecha_registro, enabled, verification_code, role, borrado) VALUES ('0a8b64b4-10aa-48b3-bb7b-3d3aa3b30050', 'gkirkness1d', 'gkirkness1d@correo.com', '{noop}hashedpw50', 'https://randomuser.me/api/portraits/women/70.jpg', '2023-02-19T10:00:00', true, '100049', 'ROLE_USUARIO', false);
INSERT INTO user_entity (id, username, correo, password, foto_perfil, fecha_registro, enabled, verification_code, role, borrado) VALUES ('8f4e90b7-6e53-456e-bec4-487d8a776001', 'sferres0', 'sferres0@correo.com', '{noop}hashedpw1', 'https://randomuser.me/api/portraits/men/21.jpg', '2023-01-01T10:00:00', true, '100000', 'ROLE_USUARIO', false);
INSERT INTO user_entity (id, username, correo, password, foto_perfil, fecha_registro, enabled, verification_code, role, borrado) VALUES ('a3e1a676-7320-41f0-b4b2-3b01759a6002', 'mgration1', 'mgration1@correo.com', '{noop}hashedpw2', 'https://randomuser.me/api/portraits/women/22.jpg', '2023-01-02T10:00:00', true, '100001', 'ROLE_USUARIO', false);
INSERT INTO user_entity (id, username, correo, password, foto_perfil, fecha_registro, enabled, verification_code, role, borrado) VALUES ('ca729d10-3b90-4469-84b7-64e2e0c0c003', 'sbegin2', 'sbegin2@correo.com', '{noop}hashedpw3', 'https://randomuser.me/api/portraits/men/23.jpg', '2023-01-03T10:00:00', false, '100002', 'ROLE_USUARIO', false);
INSERT INTO user_entity (id, username, correo, password, foto_perfil, fecha_registro, enabled, verification_code, role, borrado) VALUES ('b39dbb67-9a30-4f94-92c6-ffb06a1c9004', 'wantonsson3', 'wantonsson3@correo.com', '{noop}hashedpw4', 'https://randomuser.me/api/portraits/women/24.jpg', '2023-01-04T10:00:00', true, '100003', 'ROLE_USUARIO', false);
INSERT INTO user_entity (id, username, correo, password, foto_perfil, fecha_registro, enabled, verification_code, role, borrado) VALUES ('e2c8c49a-f3ad-4f28-b712-8f89b5f97005', 'rburstow4', 'rburstow4@correo.com', '{noop}hashedpw5', 'https://randomuser.me/api/portraits/men/25.jpg', '2023-01-05T10:00:00', true, '100004', 'ROLE_USUARIO', false);
INSERT INTO user_entity (id, username, correo, password, foto_perfil, fecha_registro, enabled, verification_code, role, borrado) VALUES ('3f7d2a3c-70d9-4116-b11a-d0631b2c9006', 'tnesbit5', 'tnesbit5@correo.com', '{noop}hashedpw6', 'https://randomuser.me/api/portraits/women/26.jpg', '2023-01-06T10:00:00', true, '100005', 'ROLE_USUARIO', false);
INSERT INTO user_entity (id, username, correo, password, foto_perfil, fecha_registro, enabled, verification_code, role, borrado) VALUES ('17218e7a-5781-48f9-ae40-4d7f0eb87007', 'ckalkhoven6', 'ckalkhoven6@correo.com', '{noop}hashedpw7', 'https://randomuser.me/api/portraits/men/27.jpg', '2023-01-07T10:00:00', false, '100006', 'ROLE_USUARIO', false);
INSERT INTO user_entity (id, username, correo, password, foto_perfil, fecha_registro, enabled, verification_code, role, borrado) VALUES ('4e7a4ff1-8a64-4423-a11e-b8c193410008', 'ryerlett7', 'ryerlett7@correo.com', '{noop}hashedpw8', 'https://randomuser.me/api/portraits/women/28.jpg', '2023-01-08T10:00:00', true, '100007', 'ROLE_USUARIO', false);
INSERT INTO user_entity (id, username, correo, password, foto_perfil, fecha_registro, enabled, verification_code, role, borrado) VALUES ('de8f40ac-8a96-4488-89a6-bc36d8a70009', 'aempleton8', 'aempleton8@correo.com', '{noop}hashedpw9', 'https://randomuser.me/api/portraits/men/29.jpg', '2023-01-09T10:00:00', true, '100008', 'ROLE_USUARIO', false);
INSERT INTO user_entity (id, username, correo, password, foto_perfil, fecha_registro, enabled, verification_code, role, borrado) VALUES ('ba1d139b-c418-4d16-87a4-c9b00da8000a', 'apettecrew9', 'apettecrew9@correo.com', '{noop}hashedpw10', 'https://randomuser.me/api/portraits/women/30.jpg', '2023-01-10T10:00:00', true, '100009', 'ROLE_USUARIO', false);
INSERT INTO user_entity (id, username, correo, password, foto_perfil, fecha_registro, enabled, verification_code, role, borrado) VALUES ('b5a8ef42-0f0b-4c31-9c3f-5191c37f0011', 'apezeya', 'apezeya@correo.com', '{noop}hashedpw11', 'https://randomuser.me/api/portraits/men/31.jpg', '2023-01-11T10:00:00', true, '100010', 'ROLE_USUARIO', false);
INSERT INTO user_entity (id, username, correo, password, foto_perfil, fecha_registro, enabled, verification_code, role, borrado) VALUES ('c7f6ef53-927e-434b-84b7-49e5ff781012', 'icockrillb', 'icockrillb@correo.com', '{noop}hashedpw12', 'https://randomuser.me/api/portraits/women/32.jpg', '2023-01-12T10:00:00', true, '100011', 'ROLE_USUARIO', false);
INSERT INTO user_entity (id, username, correo, password, foto_perfil, fecha_registro, enabled, verification_code, role, borrado) VALUES ('f02f2d96-2a58-47f4-918b-d85125f30013', 'jhunnywellc', 'jhunnywellc@correo.com', '{noop}hashedpw13', 'https://randomuser.me/api/portraits/men/33.jpg', '2023-01-13T10:00:00', false, '100012', 'ROLE_USUARIO', false);
INSERT INTO user_entity (id, username, correo, password, foto_perfil, fecha_registro, enabled, verification_code, role, borrado) VALUES ('934137a7-c0f0-40f8-8bc5-7427158e0014', 'tlyond', 'tlyond@correo.com', '{noop}hashedpw14', 'https://randomuser.me/api/portraits/women/34.jpg', '2023-01-14T10:00:00', true, '100013', 'ROLE_USUARIO', false);
INSERT INTO user_entity (id, username, correo, password, foto_perfil, fecha_registro, enabled, verification_code, role, borrado) VALUES ('a42b9c7f-ec0a-4d6f-859e-cb2ff9f80015', 'jfairne', 'jfairne@correo.com', '{noop}hashedpw15', 'https://randomuser.me/api/portraits/men/35.jpg', '2023-01-15T10:00:00', true, '100014', 'ROLE_USUARIO', false);
INSERT INTO user_entity (id, username, correo, password, foto_perfil, fecha_registro, enabled, verification_code, role, borrado) VALUES ('ec8dd9db-70f8-48a0-90f4-6a9e2e1f0016', 'cstokeyf', 'cstokeyf@correo.com', '{noop}hashedpw16', 'https://randomuser.me/api/portraits/women/36.jpg', '2023-01-16T10:00:00', true, '100015', 'ROLE_USUARIO', false);
INSERT INTO user_entity (id, username, correo, password, foto_perfil, fecha_registro, enabled, verification_code, role, borrado) VALUES ('fb5f2747-4c7a-4b58-8b35-e2d9b9830017', 'gbrislawng', 'gbrislawng@correo.com', '{noop}hashedpw17', 'https://randomuser.me/api/portraits/men/37.jpg', '2023-01-17T10:00:00', false, '100016', 'ROLE_USUARIO', false);
INSERT INTO user_entity (id, username, correo, password, foto_perfil, fecha_registro, enabled, verification_code, role, borrado) VALUES ('3a7c4dbf-26a9-4d11-94f8-83a0d0230018', 'tfeverh', 'tfeverh@correo.com', '{noop}hashedpw18', 'https://randomuser.me/api/portraits/women/38.jpg', '2023-01-18T10:00:00', true, '100017', 'ROLE_USUARIO', false);
INSERT INTO user_entity (id, username, correo, password, foto_perfil, fecha_registro, enabled, verification_code, role, borrado) VALUES ('bdbed54c-5c62-4c0a-96bb-3b90c9de0019', 'fvardeyi', 'fvardeyi@correo.com', '{noop}hashedpw19', 'https://randomuser.me/api/portraits/men/39.jpg', '2023-01-19T10:00:00', true, '100018', 'ROLE_USUARIO', false);
INSERT INTO user_entity (id, username, correo, password, foto_perfil, fecha_registro, enabled, verification_code, role, borrado) VALUES ('99c7e2e2-7010-4118-8a50-b54a001c0020', 'bhaneyj', 'bhaneyj@correo.com', '{noop}hashedpw20', 'https://randomuser.me/api/portraits/women/40.jpg', '2023-01-20T10:00:00', true, '100019', 'ROLE_USUARIO', false);
INSERT INTO user_entity (id, username, correo, password, foto_perfil, fecha_registro, enabled, verification_code, role, borrado) VALUES ('ea5d9a7e-5414-4aef-a5bb-6336d0490021', 'obromagek', 'obromagek@correo.com', '{noop}hashedpw21', 'https://randomuser.me/api/portraits/men/41.jpg', '2023-01-21T10:00:00', false, '100020', 'ROLE_USUARIO', false);
INSERT INTO user_entity (id, username, correo, password, foto_perfil, fecha_registro, enabled, verification_code, role, borrado) VALUES ('d21f13ac-7f20-4a44-9125-fb58b7310022', 'llawlyl', 'llawlyl@correo.com', '{noop}hashedpw22', 'https://randomuser.me/api/portraits/women/42.jpg', '2023-01-22T10:00:00', true, '100021', 'ROLE_USUARIO', false);
INSERT INTO user_entity (id, username, correo, password, foto_perfil, fecha_registro, enabled, verification_code, role, borrado) VALUES ('62d70d97-6a94-47ce-8e40-513dd3ca0023', 'tdryburghm', 'tdryburghm@correo.com', '{noop}hashedpw23', 'https://randomuser.me/api/portraits/men/43.jpg', '2023-01-23T10:00:00', true, '100022', 'ROLE_USUARIO', false);
INSERT INTO user_entity (id, username, correo, password, foto_perfil, fecha_registro, enabled, verification_code, role, borrado) VALUES ('f34a43c1-0668-4b03-a218-4a580be40024', 'bpartonn', 'bpartonn@correo.com', '{noop}hashedpw24', 'https://randomuser.me/api/portraits/women/44.jpg', '2023-01-24T10:00:00', true, '100023', 'ROLE_USUARIO', false);
INSERT INTO user_entity (id, username, correo, password, foto_perfil, fecha_registro, enabled, verification_code, role, borrado) VALUES ('8db251b9-4339-4b0a-b2a2-f36b4e380025', 'bmatteriso', 'bmatteriso@correo.com', '{noop}hashedpw25', 'https://randomuser.me/api/portraits/men/45.jpg', '2023-01-25T10:00:00', true, '100024', 'ROLE_USUARIO', false);
INSERT INTO user_entity (id, username, correo, password, foto_perfil, fecha_registro, enabled, verification_code, role, borrado) VALUES ('7fbb81f7-0a4a-40ca-9851-1a94a3f40026', 'nsreenanp', 'nsreenanp@correo.com', '{noop}hashedpw26', 'https://randomuser.me/api/portraits/women/46.jpg', '2023-01-26T10:00:00', false, '100025', 'ROLE_USUARIO', false);
INSERT INTO user_entity (id, username, correo, password, foto_perfil, fecha_registro, enabled, verification_code, role, borrado) VALUES ('a3bf2f89-e74f-4b6a-9f35-1a10aab60027', 'zheighwayq', 'zheighwayq@correo.com', '{noop}hashedpw27', 'https://randomuser.me/api/portraits/men/47.jpg', '2023-01-27T10:00:00', true, '100026', 'ROLE_USUARIO', false);
INSERT INTO user_entity (id, username, correo, password, foto_perfil, fecha_registro, enabled, verification_code, role, borrado) VALUES ('d2988b9d-8f67-4e12-9db7-683ec7f70028', 'cnicer', 'cnicer@correo.com', '{noop}hashedpw28', 'https://randomuser.me/api/portraits/women/48.jpg', '2023-01-28T10:00:00', true, '100027', 'ROLE_USUARIO', false);
INSERT INTO user_entity (id, username, correo, password, foto_perfil, fecha_registro, enabled, verification_code, role, borrado) VALUES ('52b471c0-0c23-4a8a-8a54-b2baf8810029', 'ganderers', 'ganderers@correo.com', '{noop}hashedpw29', 'https://randomuser.me/api/portraits/men/49.jpg', '2023-01-29T10:00:00', true, '100028', 'ROLE_USUARIO', false);
INSERT INTO user_entity (id, username, correo, password, foto_perfil, fecha_registro, enabled, verification_code, role, borrado) VALUES ('b45f75f3-2900-4a68-b0ab-7d3522af0030', 'ecunnellt', 'ecunnellt@correo.com', '{noop}hashedpw30', 'https://randomuser.me/api/portraits/women/50.jpg', '2023-01-30T10:00:00', false, '100029', 'ROLE_USUARIO', false);



INSERT INTO user_entity (id, username, correo, password, foto_perfil, fecha_registro, enabled, verification_code, role, borrado) VALUES ('dd4e888f-374d-4a1d-9b11-df68f68c9876', 'jamesmoore', 'james.moore@yahoo.com', '{noop}hashedpassword9', 'https://randomuser.me/api/portraits/men/9.jpg', '2023-08-21T10:30:00', true, '890123', 'ROLE_ADMIN', false);
INSERT INTO user_entity (id, username, correo, password, foto_perfil, fecha_registro, enabled, verification_code, role, borrado) VALUES ('16f857b1-bf58-442f-ae41-9cd96f786345', 'patriciajones', 'patricia.jones@gmail.com', '{noop}hashedpassword10', 'https://randomuser.me/api/portraits/women/10.jpg', '2023-09-29T09:45:00', true, '901234', 'ROLE_ADMIN', false);
INSERT INTO admin_entity (id, ultima_accion, fecha_ultima_accion, borrado) VALUES ('16f857b1-bf58-442f-ae41-9cd96f786345', 'Borrado de usuario', '2023-02-15T10:00:00', false);
INSERT INTO admin_entity (id, ultima_accion, fecha_ultima_accion, borrado) VALUES ('dd4e888f-374d-4a1d-9b11-df68f68c9876', 'Borrado de usuario', '2023-02-15T10:00:00', false);



INSERT INTO user_entity (id, username, correo, password, foto_perfil, fecha_registro, enabled, verification_code, role, borrado) VALUES ('789e4567-e89b-12d3-a456-426614174001', 'emilywatson', 'emily.watson@example.com', '{noop}hashedpassword12', 'https://randomuser.me/api/portraits/women/11.jpg', '2024-02-05T11:00:00', true, '345678', 'ROLE_MANAGER', false);
INSERT INTO user_entity (id, username, correo, password, foto_perfil, fecha_registro, enabled, verification_code, role, borrado) VALUES ('123e4567-e89b-12d3-a456-426614174000', 'lucasgreen', 'lucas.green@example.com', '{noop}hashedpassword11', 'https://randomuser.me/api/portraits/men/12.jpg', '2024-01-15T08:30:00', true, '234567', 'ROLE_MANAGER', false);
INSERT INTO manager_entity (id, ultima_accion_producto, fecha_ultima_accion_producto, borrado) VALUES ('789e4567-e89b-12d3-a456-426614174001', 'Actualización de producto', '2024-02-18T16:30:00', false);
INSERT INTO manager_entity (id, ultima_accion_producto, fecha_ultima_accion_producto, borrado) VALUES ('123e4567-e89b-12d3-a456-426614174000', 'Creación de producto', '2024-02-10T14:45:00', false);



INSERT INTO producto (id, nombre_producto, descripcion, imagen_producto, precio_producto, fabricante, id_creador, estado, borrado) VALUES ('4a5b6c7d-8e9f-1234-abcd-567890123456', 'Teclado Mecánico Eco', 'Teclado hecho con plásticos reciclados y switches sostenibles.', 'https://example.com/images/teclado-mecanico-eco.jpg', 69.99, 'EcoTech', 'dd4e888f-374d-4a1d-9b11-df68f68c9876', 'Reciclado',false);
INSERT INTO producto (id, nombre_producto, descripcion, imagen_producto, precio_producto, fabricante, id_creador, estado, borrado) VALUES ('5b6c7d8e-9f01-2345-bcde-678901234567', 'Ratón Inalámbrico Sostenible', 'Ratón hecho con componentes reciclados y baterías de larga duración.', 'https://example.com/images/raton-sostenible.jpg', 39.99, 'EcoTech', '16f857b1-bf58-442f-ae41-9cd96f786345', 'Reciclado',false);
INSERT INTO producto (id, nombre_producto, descripcion, imagen_producto, precio_producto, fabricante, id_creador, estado, borrado) VALUES ('7d8e9f01-2345-6789-def0-890123456789', 'Altavoz Bluetooth Eco', 'Altavoz con carcasa de madera reciclada y sonido envolvente.', 'https://example.com/images/altavoz-eco.jpg', 59.99, 'EcoTech', '16f857b1-bf58-442f-ae41-9cd96f786345', 'Reacondicionado',false);
INSERT INTO producto (id, nombre_producto, descripcion, imagen_producto, precio_producto, fabricante, id_creador, estado, borrado) VALUES ('9f012345-6789-0123-4567-abcd78901234', 'Smartphone Eco-Friendly', 'Smartphone de bajo consumo, fabricado con materiales reciclados.', 'https://example.com/images/smartphone-eco.jpg', 499.99, 'EcoPhone', '16f857b1-bf58-442f-ae41-9cd96f786345', 'Reciclado',false);
INSERT INTO producto (id, nombre_producto, descripcion, imagen_producto, precio_producto, fabricante, id_creador, estado, borrado) VALUES ('bcd12345-6789-0123-ef45-678901234567', 'Lámpara LED Reciclada', 'Lámpara LED fabricada con plástico reciclado y de bajo consumo.', 'https://example.com/images/lampara-led.jpg', 19.99, 'EcoLighting', '16f857b1-bf58-442f-ae41-9cd96f786345', 'Reciclado',false);
INSERT INTO producto (id, nombre_producto, descripcion, imagen_producto, precio_producto, fabricante, id_creador, estado, borrado) VALUES ('ef901234-5678-9012-ab34-567890123456', 'Tablet Reciclada', 'Tablet de alta calidad fabricada con materiales reciclados y eficiencia energética.', 'https://example.com/images/tablet-reciclada.jpg', 199.99, 'EcoTab', '16f857b1-bf58-442f-ae41-9cd96f786345', 'Reciclado',false);
INSERT INTO producto (id, nombre_producto, descripcion, imagen_producto, precio_producto, fabricante, id_creador, estado, borrado) VALUES ('6c7d8e9f-0123-4567-cdef-789012345678', 'Auriculares de Alta Fidelidad', 'Auriculares con cancelación de ruido, hechos con materiales reciclados.', 'https://example.com/images/auriculares-alta-fidelidad.jpg', 89.99, 'EcoTech', 'dd4e888f-374d-4a1d-9b11-df68f68c9876', 'Reacondicionado',false);
INSERT INTO producto (id, nombre_producto, descripcion, imagen_producto, precio_producto, fabricante, id_creador, estado, borrado) VALUES ('8e9f0123-4567-8901-ef01-901234567890', 'Monitor 4K Sostenible', 'Monitor con panel reciclado y bajo consumo energético.', 'https://example.com/images/monitor-4k-sostenible.jpg', 299.99, 'EcoTech', 'dd4e888f-374d-4a1d-9b11-df68f68c9876', 'Reciclado',false);
INSERT INTO producto (id, nombre_producto, descripcion, imagen_producto, precio_producto, fabricante, id_creador, estado, borrado) VALUES ('abc01234-5678-90ef-ab12-345678901234', 'Cargador Solar Portátil', 'Cargador portátil que funciona con energía solar.', 'https://example.com/images/cargador-solar.jpg', 29.99, 'SolarTech', 'dd4e888f-374d-4a1d-9b11-df68f68c9876', 'Reacondicionado',false);
INSERT INTO producto (id, nombre_producto, descripcion, imagen_producto, precio_producto, fabricante, id_creador, estado, borrado) VALUES ('def45678-9012-3456-ab78-901234567890', 'Cámara de Seguridad Reciclada', 'Cámara de seguridad inteligente hecha con materiales reciclados.', 'https://example.com/images/camara-seguridad.jpg', 149.99, 'SafeTech', 'dd4e888f-374d-4a1d-9b11-df68f68c9876', 'Reacondicionado',false);

INSERT INTO impacto_ambiental (id, reduccion_co2, producto_id, borrado) VALUES ('11bb4ae5-6813-4117-a61c-699896a375a2', 12.5, '4a5b6c7d-8e9f-1234-abcd-567890123456', false);
INSERT INTO impacto_ambiental_ahorro_materiales (impacto_ambiental_id, ahorro_materiales) VALUES ('11bb4ae5-6813-4117-a61c-699896a375a2', 'Plástico reciclado');
INSERT INTO impacto_ambiental_ahorro_materiales (impacto_ambiental_id, ahorro_materiales) VALUES ('11bb4ae5-6813-4117-a61c-699896a375a2', 'Metal reutilizado');

INSERT INTO impacto_ambiental (id, reduccion_co2, producto_id, borrado) VALUES ('ed77c23f-02dc-45ec-9ff1-0430ce1ea79a', 8.0, '5b6c7d8e-9f01-2345-bcde-678901234567',false);
INSERT INTO impacto_ambiental_ahorro_materiales (impacto_ambiental_id, ahorro_materiales) VALUES ('ed77c23f-02dc-45ec-9ff1-0430ce1ea79a', 'Baterías recicladas');
INSERT INTO impacto_ambiental_ahorro_materiales (impacto_ambiental_id, ahorro_materiales) VALUES ('ed77c23f-02dc-45ec-9ff1-0430ce1ea79a', 'Plásticos reutilizados');

INSERT INTO impacto_ambiental (id, reduccion_co2, producto_id, borrado) VALUES ('0dd58d2c-306f-4c73-8fe4-9271537a1749', 10.2, '7d8e9f01-2345-6789-def0-890123456789',false);
INSERT INTO impacto_ambiental_ahorro_materiales (impacto_ambiental_id, ahorro_materiales) VALUES ('0dd58d2c-306f-4c73-8fe4-9271537a1749', 'Madera reciclada');
INSERT INTO impacto_ambiental_ahorro_materiales (impacto_ambiental_id, ahorro_materiales) VALUES ('0dd58d2c-306f-4c73-8fe4-9271537a1749', 'Componentes electrónicos reutilizados');

INSERT INTO impacto_ambiental (id, reduccion_co2, producto_id, borrado) VALUES ('405f7125-bfee-49ca-bec4-28c54cfe9c79', 18.7, '9f012345-6789-0123-4567-abcd78901234',false);
INSERT INTO impacto_ambiental_ahorro_materiales (impacto_ambiental_id, ahorro_materiales) VALUES ('405f7125-bfee-49ca-bec4-28c54cfe9c79', 'Vidrio reciclado');
INSERT INTO impacto_ambiental_ahorro_materiales (impacto_ambiental_id, ahorro_materiales) VALUES ('405f7125-bfee-49ca-bec4-28c54cfe9c79', 'Plástico reciclado');

INSERT INTO impacto_ambiental (id, reduccion_co2, producto_id, borrado) VALUES ('73d2f60e-723e-4ae7-9d0d-f3556f49cb68', 4.5, 'bcd12345-6789-0123-ef45-678901234567',false);
INSERT INTO impacto_ambiental_ahorro_materiales (impacto_ambiental_id, ahorro_materiales) VALUES ('73d2f60e-723e-4ae7-9d0d-f3556f49cb68', 'Plástico reciclado');
INSERT INTO impacto_ambiental_ahorro_materiales (impacto_ambiental_id, ahorro_materiales) VALUES ('73d2f60e-723e-4ae7-9d0d-f3556f49cb68', 'Componentes electrónicos reutilizados');

INSERT INTO impacto_ambiental (id, reduccion_co2, producto_id, borrado) VALUES ('87304ac6-fa7e-401d-b820-49f28218688c', 16.9, 'ef901234-5678-9012-ab34-567890123456',false);
INSERT INTO impacto_ambiental_ahorro_materiales (impacto_ambiental_id, ahorro_materiales) VALUES ('87304ac6-fa7e-401d-b820-49f28218688c', 'Metal reciclado');
INSERT INTO impacto_ambiental_ahorro_materiales (impacto_ambiental_id, ahorro_materiales) VALUES ('87304ac6-fa7e-401d-b820-49f28218688c', 'Componentes reutilizados');

INSERT INTO impacto_ambiental (id, reduccion_co2, producto_id, borrado) VALUES ('d3bb61c8-bfc8-4c85-9d85-d5b5e49954c2', 9.8, '6c7d8e9f-0123-4567-cdef-789012345678',false);
INSERT INTO impacto_ambiental_ahorro_materiales (impacto_ambiental_id, ahorro_materiales) VALUES ('d3bb61c8-bfc8-4c85-9d85-d5b5e49954c2', 'Plástico reciclado');
INSERT INTO impacto_ambiental_ahorro_materiales (impacto_ambiental_id, ahorro_materiales) VALUES ('d3bb61c8-bfc8-4c85-9d85-d5b5e49954c2', 'Aluminio reutilizado');

INSERT INTO impacto_ambiental (id, reduccion_co2, producto_id, borrado) VALUES ('c3f0be33-5f8e-4868-8913-9e87b9f87da7', 7.3, '8e9f0123-4567-8901-ef01-901234567890',false);
INSERT INTO impacto_ambiental_ahorro_materiales (impacto_ambiental_id, ahorro_materiales) VALUES ('c3f0be33-5f8e-4868-8913-9e87b9f87da7', 'Cristal reciclado');

INSERT INTO impacto_ambiental (id, reduccion_co2, producto_id, borrado) VALUES ('17b46928-0120-4016-bb39-f79c6ebf49f7', 6.5, 'abc01234-5678-90ef-ab12-345678901234',false);
INSERT INTO impacto_ambiental_ahorro_materiales (impacto_ambiental_id, ahorro_materiales) VALUES ('17b46928-0120-4016-bb39-f79c6ebf49f7', 'Panel solar reciclado');

INSERT INTO impacto_ambiental (id, reduccion_co2, producto_id, borrado) VALUES ('8b3c3d20-c132-4ecc-977b-6baeea7978ec', 15.0, 'def45678-9012-3456-ab78-901234567890',false);

INSERT INTO categoria (id, nombre_categoria, categoria_padre, borrado) VALUES ('1a2b3c4d-e89b-12d3-a456-426614174000', 'Dispositivos Electrónicos', null,false);
INSERT INTO categoria (id, nombre_categoria, categoria_padre, borrado) VALUES ('2a3b4c5d-e89b-12d3-a456-426614174001', 'Accesorios Tecnológicos', null,false);
INSERT INTO categoria (id, nombre_categoria, categoria_padre, borrado) VALUES ('3a4b5c6d-e89b-12d3-a456-426614174002', 'Equipos de Oficina', null,false);

INSERT INTO categoria (id, nombre_categoria, categoria_padre, borrado) VALUES ('4a5b6c7d-e89b-12d3-a456-426614174003', 'Teléfonos Inteligentes', '1a2b3c4d-e89b-12d3-a456-426614174000',false);
INSERT INTO categoria (id, nombre_categoria, categoria_padre, borrado) VALUES ('5a6b7c8d-e89b-12d3-a456-426614174004', 'Tablets', '1a2b3c4d-e89b-12d3-a456-426614174000',false);
INSERT INTO categoria (id, nombre_categoria, categoria_padre, borrado) VALUES ('6a7b8c9d-e89b-12d3-a456-426614174005', 'Portátiles', '1a2b3c4d-e89b-12d3-a456-426614174000',false);
INSERT INTO categoria (id, nombre_categoria, categoria_padre, borrado) VALUES ('7a8b9c0d-e89b-12d3-a456-426614174006', 'Smartwatches', '1a2b3c4d-e89b-12d3-a456-426614174000',false);


INSERT INTO valoracion (puntuacion, comentario, id_generado, usuario_id, producto_id, fecha_valorado) VALUES (4.5, 'Producto de excelente calidad, muy satisfecho con mi compra.','81e2dcef-fda6-4f24-bb78-7e62c0b5e1c1' ,'d290f1ee-6c54-4b01-90e6-d701748f0851', '4a5b6c7d-8e9f-1234-abcd-567890123456', '2025-02-24');
INSERT INTO valoracion (puntuacion, comentario, id_generado, usuario_id, producto_id, fecha_valorado) VALUES (3.8, 'Buen producto, pero el precio es un poco elevado.','6f20a8c8-61ed-46c6-b8ac-5b4d38c62216' ,'34bfa0b2-417d-48aa-b0f7-58bd4867c507', '5b6c7d8e-9f01-2345-bcde-678901234567', '2025-02-24');
INSERT INTO valoracion (puntuacion, comentario, id_generado, usuario_id, producto_id, fecha_valorado) VALUES (5.0, 'Increíble calidad y atención al detalle, muy recomendable.','5b94ab08-19e7-41e1-8a5e-d70988c19b82' ,'02ca9ef5-932b-4df3-a780-abcde2345678', '7d8e9f01-2345-6789-def0-890123456789', '2025-02-24');
INSERT INTO valoracion (puntuacion, comentario, id_generado, usuario_id, producto_id, fecha_valorado) VALUES (4.2, 'Cumple con las expectativas, material de buena calidad.', 'eb784c1e-d479-4cb1-8009-fdd4d857ff13','f32ab84d-bff2-4be0-876c-e012c3b3e789', '9f012345-6789-0123-4567-abcd78901234', '2025-02-24');
INSERT INTO valoracion (puntuacion, comentario, id_generado, usuario_id, producto_id, fecha_valorado) VALUES (2.9, 'Esperaba más por el precio, pero funciona bien.','277f4a6c-d2ec-48f2-a27a-345cb45a688f' ,'af03ec23-fc5a-4b99-90de-d2349e80c456', 'bcd12345-6789-0123-ef45-678901234567', '2025-02-24');
INSERT INTO valoracion (puntuacion, comentario, id_generado, usuario_id, producto_id, fecha_valorado) VALUES (4.7, 'Muy satisfecho, un producto que vale la pena.','b18a7e7b-3a6b-434d-94cb-bd693b76d1f1' ,'a02fd104-5d2d-4ff4-9f73-5bf0e2a6c874', 'ef901234-5678-9012-ab34-567890123456', '2025-02-24');
INSERT INTO valoracion (puntuacion, comentario, id_generado, usuario_id, producto_id, fecha_valorado) VALUES (4.0, 'Buena relación calidad-precio, recomendado.','963be5b4-792f-4e24-bd7e-4a5428321b2e' ,'867ef2c1-5eb1-41b7-953a-cbbc1c1f9876', '6c7d8e9f-0123-4567-cdef-789012345678', '2025-02-24');
INSERT INTO valoracion (puntuacion, comentario, id_generado, usuario_id, producto_id, fecha_valorado) VALUES (3.5, 'Buen producto, pero los materiales podrían ser mejores.','170fb163-bbaf-456a-b881-1c3377b64869' ,'21da98e6-938b-442e-bb45-785dee7c5678', 'def45678-9012-3456-ab78-901234567890', '2025-02-24');
INSERT INTO valoracion (puntuacion, comentario, id_generado, usuario_id, producto_id, fecha_valorado) VALUES (5.0, 'El mejor producto que he comprado hasta ahora, excelente.','b522b9d1-f89a-4b85-bf33-f567be9b7999', 'dd4e888f-374d-4a1d-9b11-df68f68c9876', 'def45678-9012-3456-ab78-901234567890', '2025-02-24');
INSERT INTO valoracion (puntuacion, comentario, id_generado, usuario_id, producto_id, fecha_valorado) VALUES (4.8, 'Muy buen rendimiento y diseño, volveré a comprar.', '3922bca0-bcc3-4f21-9b2c-5df80e3b7e5b' ,'21da98e6-938b-442e-bb45-785dee7c5678', 'def45678-9012-3456-ab78-901234567890', '2025-02-24');
